{
  "c": {
    "mean": 26.260065664420253,
    "std": 17.102561161056467,
    "median": 31.0,
    "iqr": 30.0,
    "q1": 11.0,
    "q3": 41.0,
    "observed_min": 1.0,
    "observed_max": 51.0,
    "p005": 1.0,
    "p995": 51.0
  },
  "cpu_limit": {
    "mean": 1.3142560912389838,
    "std": 0.4222950846213858,
    "median": 1.3,
    "iqr": 0.7,
    "q1": 1.0,
    "q3": 1.7,
    "observed_min": 0.6,
    "observed_max": 2.0,
    "p005": 0.6,
    "p995": 2.0
  },
  "cpu_usage": {
    "mean": 0.012025457827890098,
    "std": 0.004127760981350239,
    "median": 0.01200076,
    "iqr": 0.006405290000000001,
    "q1": 0.008998514999999999,
    "q3": 0.015403805,
    "observed_min": 0.0,
    "observed_max": 0.019991699999999998,
    "p005": 0.0,
    "p995": 0.019315963499999995
  },
  "lat100_ms": {
    "mean": 13873.82771729739,
    "std": 11326.031347423164,
    "median": 12188.0,
    "iqr": 14594.0,
    "q1": 5093.0,
    "q3": 19687.0,
    "observed_min": 184.0,
    "observed_max": 63396.0,
    "p005": 210.0,
    "p995": 53419.17999999995
  },
  "lat50_ms": {
    "mean": 11923.364091930189,
    "std": 9827.42033653956,
    "median": 10501.0,
    "iqr": 12728.5,
    "q1": 4283.5,
    "q3": 17012.0,
    "observed_min": 107.0,
    "observed_max": 50085.0,
    "p005": 129.0,
    "p995": 46265.58999999999
  },
  "lat66_ms": {
    "mean": 12186.95455330914,
    "std": 10053.054028399396,
    "median": 10703.0,
    "iqr": 12976.5,
    "q1": 4385.0,
    "q3": 17361.5,
    "observed_min": 127.0,
    "observed_max": 51963.0,
    "p005": 141.0,
    "p995": 47487.42
  },
  "lat75_ms": {
    "mean": 12357.888888888889,
    "std": 10194.336927377792,
    "median": 10867.0,
    "iqr": 13121.5,
    "q1": 4448.5,
    "q3": 17570.0,
    "observed_min": 138.0,
    "observed_max": 52665.0,
    "p005": 148.0,
    "p995": 48118.89999999998
  },
  "lat80_ms": {
    "mean": 12469.801969932607,
    "std": 10284.759856583718,
    "median": 10919.0,
    "iqr": 13278.0,
    "q1": 4492.5,
    "q3": 17770.5,
    "observed_min": 143.0,
    "observed_max": 53347.0,
    "p005": 152.0,
    "p995": 48515.159999999974
  },
  "lat90_ms": {
    "mean": 12778.869016761708,
    "std": 10521.485657933368,
    "median": 11192.0,
    "iqr": 13678.5,
    "q1": 4603.5,
    "q3": 18282.0,
    "observed_min": 154.0,
    "observed_max": 54350.0,
    "p005": 163.0,
    "p995": 49607.78999999997
  },
  "lat95_ms": {
    "mean": 13047.512873682392,
    "std": 10724.44324235248,
    "median": 11414.0,
    "iqr": 13957.5,
    "q1": 4714.5,
    "q3": 18672.0,
    "observed_min": 161.0,
    "observed_max": 56130.0,
    "p005": 172.0,
    "p995": 50587.49
  },
  "lat98_ms": {
    "mean": 13337.353032659408,
    "std": 10937.043528844973,
    "median": 11692.0,
    "iqr": 14195.0,
    "q1": 4824.5,
    "q3": 19019.5,
    "observed_min": 168.0,
    "observed_max": 60506.0,
    "p005": 185.0,
    "p995": 51487.07
  },
  "lat99_ms": {
    "mean": 13515.238292725073,
    "std": 11065.229955836001,
    "median": 11824.0,
    "iqr": 14365.0,
    "q1": 4923.0,
    "q3": 19288.0,
    "observed_min": 176.0,
    "observed_max": 61804.0,
    "p005": 194.0,
    "p995": 52200.71999999997
  },
  "n": {
    "mean": 587.8520822533264,
    "std": 268.1516459633126,
    "median": 600.0,
    "iqr": 400.0,
    "q1": 400.0,
    "q3": 800.0,
    "observed_min": 100.0,
    "observed_max": 1000.0,
    "p005": 100.0,
    "p995": 1000.0
  },
  "ram_limit_mb": {
    "mean": 573.0692932434767,
    "std": 292.462997682697,
    "median": 512.0,
    "iqr": 512.0,
    "q1": 256.0,
    "q3": 768.0,
    "observed_min": 128.0,
    "observed_max": 1024.0,
    "p005": 128.0,
    "p995": 1024.0
  },
  "ram_usage_mb": {
    "mean": 33.770724440297215,
    "std": 2.4210715322748415,
    "median": 34.217984,
    "iqr": 2.6992639999999994,
    "q1": 32.673792,
    "q3": 35.373056,
    "observed_min": 0.0,
    "observed_max": 39.501824,
    "p005": 22.867968,
    "p995": 37.40114944
  }
}