{
  "c": {
    "n": 5787,
    "mean": 26.260065664420253,
    "std": 17.102561161056467,
    "median": 31.0,
    "iqr": 30.0,
    "q1": 11.0,
    "q3": 41.0,
    "n_3sigma": 0,
    "pct_3sigma": 0.0,
    "n_5sigma": 0,
    "max_abs_z": 1.4769756077200238,
    "skewness": -0.02276756803598745,
    "kurtosis_excess": -1.2743174527084402,
    "recommendation": "hard_clip"
  },
  "cpu_limit": {
    "n": 5787,
    "mean": 1.3142560912389838,
    "std": 0.4222950846213858,
    "median": 1.3,
    "iqr": 0.7,
    "q1": 1.0,
    "q3": 1.7,
    "n_3sigma": 0,
    "pct_3sigma": 0.0,
    "n_5sigma": 0,
    "max_abs_z": 1.6913672861699527,
    "skewness": 0.0003505649333806187,
    "kurtosis_excess": -1.1941882780979556,
    "recommendation": "hard_clip"
  },
  "cpu_usage": {
    "n": 5787,
    "mean": 0.012025457827890098,
    "std": 0.004127760981350239,
    "median": 0.01200076,
    "iqr": 0.006405290000000001,
    "q1": 0.008998514999999999,
    "q3": 0.015403805,
    "n_3sigma": 0,
    "pct_3sigma": 0.0,
    "n_5sigma": 0,
    "max_abs_z": 2.9133125397092225,
    "skewness": -0.17635672395855848,
    "kurtosis_excess": -0.5508365580967602,
    "recommendation": "hard_clip"
  },
  "lat100_ms": {
    "n": 5787,
    "mean": 13873.82771729739,
    "std": 11326.031347423164,
    "median": 12188.0,
    "iqr": 14594.0,
    "q1": 5093.0,
    "q3": 19687.0,
    "n_3sigma": 81,
    "pct_3sigma": 1.3996889580093312,
    "n_5sigma": 0,
    "max_abs_z": 4.372420556117357,
    "skewness": 1.0642213514356602,
    "kurtosis_excess": 1.2240764751649182,
    "recommendation": "soft_clip"
  },
  "lat50_ms": {
    "n": 5787,
    "mean": 11923.364091930189,
    "std": 9827.42033653956,
    "median": 10501.0,
    "iqr": 12728.5,
    "q1": 4283.5,
    "q3": 17012.0,
    "n_3sigma": 79,
    "pct_3sigma": 1.3651287368239158,
    "n_5sigma": 0,
    "max_abs_z": 3.8831793696846506,
    "skewness": 1.0382513293839373,
    "kurtosis_excess": 1.0788633488637123,
    "recommendation": "soft_clip"
  },
  "lat66_ms": {
    "n": 5787,
    "mean": 12186.95455330914,
    "std": 10053.054028399396,
    "median": 10703.0,
    "iqr": 12976.5,
    "q1": 4385.0,
    "q3": 17361.5,
    "n_3sigma": 79,
    "pct_3sigma": 1.3651287368239158,
    "n_5sigma": 0,
    "max_abs_z": 3.95661311819527,
    "skewness": 1.0496350261303935,
    "kurtosis_excess": 1.1226425708398553,
    "recommendation": "soft_clip"
  },
  "lat75_ms": {
    "n": 5787,
    "mean": 12357.888888888889,
    "std": 10194.336927377792,
    "median": 10867.0,
    "iqr": 13121.5,
    "q1": 4448.5,
    "q3": 17570.0,
    "n_3sigma": 79,
    "pct_3sigma": 1.3651287368239158,
    "n_5sigma": 0,
    "max_abs_z": 3.9538727627162102,
    "skewness": 1.0545121803548372,
    "kurtosis_excess": 1.1416093297141554,
    "recommendation": "soft_clip"
  },
  "lat80_ms": {
    "n": 5787,
    "mean": 12469.801969932607,
    "std": 10284.759856583718,
    "median": 10919.0,
    "iqr": 13278.0,
    "q1": 4492.5,
    "q3": 17770.5,
    "n_3sigma": 79,
    "pct_3sigma": 1.3651287368239158,
    "n_5sigma": 0,
    "max_abs_z": 3.974540835185387,
    "skewness": 1.0567963914589231,
    "kurtosis_excess": 1.1520404292856785,
    "recommendation": "soft_clip"
  },
  "lat90_ms": {
    "n": 5787,
    "mean": 12778.869016761708,
    "std": 10521.485657933368,
    "median": 11192.0,
    "iqr": 13678.5,
    "q1": 4603.5,
    "q3": 18282.0,
    "n_3sigma": 79,
    "pct_3sigma": 1.3651287368239158,
    "n_5sigma": 0,
    "max_abs_z": 3.9510704414535787,
    "skewness": 1.057030766465565,
    "kurtosis_excess": 1.1587528858695837,
    "recommendation": "soft_clip"
  },
  "lat95_ms": {
    "n": 5787,
    "mean": 13047.512873682392,
    "std": 10724.44324235248,
    "median": 11414.0,
    "iqr": 13957.5,
    "q1": 4714.5,
    "q3": 18672.0,
    "n_3sigma": 81,
    "pct_3sigma": 1.3996889580093312,
    "n_5sigma": 0,
    "max_abs_z": 4.017223659329766,
    "skewness": 1.0619313041989755,
    "kurtosis_excess": 1.1899500958794862,
    "recommendation": "soft_clip"
  },
  "lat98_ms": {
    "n": 5787,
    "mean": 13337.353032659408,
    "std": 10937.043528844973,
    "median": 11692.0,
    "iqr": 14195.0,
    "q1": 4824.5,
    "q3": 19019.5,
    "n_3sigma": 83,
    "pct_3sigma": 1.434249179194747,
    "n_5sigma": 0,
    "max_abs_z": 4.312741998597671,
    "skewness": 1.0661041344269344,
    "kurtosis_excess": 1.2213972755611007,
    "recommendation": "soft_clip"
  },
  "lat99_ms": {
    "n": 5787,
    "mean": 13515.238292725073,
    "std": 11065.229955836001,
    "median": 11824.0,
    "iqr": 14365.0,
    "q1": 4923.0,
    "q3": 19288.0,
    "n_3sigma": 84,
    "pct_3sigma": 1.4515292897874545,
    "n_5sigma": 0,
    "max_abs_z": 4.364008872839246,
    "skewness": 1.0670611108098293,
    "kurtosis_excess": 1.2332079477866893,
    "recommendation": "soft_clip"
  },
  "n": {
    "n": 5787,
    "mean": 587.8520822533264,
    "std": 268.1516459633126,
    "median": 600.0,
    "iqr": 400.0,
    "q1": 400.0,
    "q3": 800.0,
    "n_3sigma": 0,
    "pct_3sigma": 0.0,
    "n_5sigma": 0,
    "max_abs_z": 1.8193141440573979,
    "skewness": -0.09022763184577151,
    "kurtosis_excess": -1.089929485509692,
    "recommendation": "hard_clip"
  },
  "ram_limit_mb": {
    "n": 5787,
    "mean": 573.0692932434767,
    "std": 292.462997682697,
    "median": 512.0,
    "iqr": 512.0,
    "q1": 256.0,
    "q3": 768.0,
    "n_3sigma": 0,
    "pct_3sigma": 0.0,
    "n_5sigma": 0,
    "max_abs_z": 1.541838490097654,
    "skewness": 0.013764210215505873,
    "kurtosis_excess": -1.2345237394037638,
    "recommendation": "hard_clip"
  },
  "ram_usage_mb": {
    "n": 5787,
    "mean": 33.770724440297215,
    "std": 2.4210715322748415,
    "median": 34.217984,
    "iqr": 2.6992639999999994,
    "q1": 32.673792,
    "q3": 35.373056,
    "n_3sigma": 71,
    "pct_3sigma": 1.2268878520822533,
    "n_5sigma": 25,
    "max_abs_z": 13.948668591615798,
    "skewness": -2.7791013794257733,
    "kurtosis_excess": 23.428402562206294,
    "recommendation": "soft_clip"
  }
}